지점,지점명,일시,기온(°C),강수량(mm),풍속(m/s),습도(%),전운량(10분위)
108,서울,2020-06-01 06:00,16.7,.1,3.4,90,4
108,서울,2020-06-01 07:00,16.9,,2.3,86,8
108,서울,2020-06-01 08:00,17.8,,3.3,80,7
108,서울,2020-06-01 09:00,19.3,,2.1,73,2
108,서울,2020-06-01 10:00,20.5,,3.4,62,1
108,서울,2020-06-01 11:00,22.1,,3.6,52,1
108,서울,2020-06-01 12:00,23.1,,4,49,2
108,서울,2020-06-01 13:00,23.1,,5.1,42,1
108,서울,2020-06-01 14:00,23.6,,5.1,39,2
108,서울,2020-06-01 15:00,23.8,,5.5,40,2
108,서울,2020-06-01 16:00,24.4,,3,39,3
108,서울,2020-06-01 17:00,23.6,,4.4,41,1
108,서울,2020-06-01 18:00,22.7,,4.1,42,0
108,서울,2020-06-01 19:00,21.3,,4.2,44,0
108,서울,2020-06-01 20:00,19.8,,2.5,51,0
108,서울,2020-06-01 21:00,18.6,,2.5,55,4
108,서울,2020-06-01 22:00,17.9,,2,62,2
108,서울,2020-06-01 23:00,17.2,,2,68,6
108,서울,2020-06-02 00:00,16.6,,1.6,74,6
108,서울,2020-06-02 01:00,16.2,,.8,77,9
108,서울,2020-06-02 02:00,15.9,,1.1,78,8
108,서울,2020-06-02 03:00,15.7,,.4,78,8
108,서울,2020-06-02 04:00,15.5,,.9,79,8
108,서울,2020-06-02 05:00,14.8,,1.3,79,6
108,서울,2020-06-02 06:00,15,,2.2,79,9
108,서울,2020-06-02 07:00,15.5,,1.4,77,9
108,서울,2020-06-02 08:00,16,,2.2,75,10
108,서울,2020-06-02 09:00,16.9,,2.5,71,10
108,서울,2020-06-02 10:00,17.3,,2.5,65,10
108,서울,2020-06-02 11:00,17.5,0,2.6,70,10
108,서울,2020-06-02 12:00,16.3,1.9,2.9,80,10
108,서울,2020-06-02 13:00,17.5,,2.2,68,10
108,서울,2020-06-02 14:00,20.4,,3.1,51,9
108,서울,2020-06-02 15:00,20.9,,2.2,48,9
108,서울,2020-06-02 16:00,21.7,,2.5,46,9
108,서울,2020-06-02 17:00,21.2,,3.3,55,9
108,서울,2020-06-02 18:00,20.6,0,2.4,58,10
108,서울,2020-06-02 19:00,20.3,,2.9,61,9
108,서울,2020-06-02 20:00,19.9,,3.1,65,6
108,서울,2020-06-02 21:00,19.6,,2.7,70,8
108,서울,2020-06-02 22:00,19.3,,2.2,74,9
108,서울,2020-06-02 23:00,19,,1.7,79,9
108,서울,2020-06-03 00:00,18.4,.1,1.7,84,10
108,서울,2020-06-03 01:00,18.3,,2,86,8
108,서울,2020-06-03 02:00,18.2,,1.8,89,7
108,서울,2020-06-03 03:00,18.2,,1.3,89,10
108,서울,2020-06-03 04:00,18.1,,1.5,87,10
108,서울,2020-06-03 05:00,18.1,,1.3,88,8
108,서울,2020-06-03 06:00,17.6,,.4,89,6
108,서울,2020-06-03 07:00,18.3,,1.8,88,6
108,서울,2020-06-03 08:00,19.7,,2,82,6
108,서울,2020-06-03 09:00,20.8,,.8,76,7
108,서울,2020-06-03 10:00,22,,1.4,73,8
108,서울,2020-06-03 11:00,23.1,,2.2,68,7
108,서울,2020-06-03 12:00,24.4,,2.6,58,6
108,서울,2020-06-03 13:00,26.1,,2.2,55,3
108,서울,2020-06-03 14:00,26.8,,2.7,50,1
108,서울,2020-06-03 15:00,27.9,,2.5,52,0
108,서울,2020-06-03 16:00,28.2,,2.8,48,0
108,서울,2020-06-03 17:00,28.1,,3.8,49,0
108,서울,2020-06-03 18:00,26.1,,4.5,60,0
108,서울,2020-06-03 19:00,23.8,,4.8,68,0
108,서울,2020-06-03 20:00,21,,5.2,80,6
108,서울,2020-06-03 21:00,20.5,,3.1,81,8
108,서울,2020-06-03 22:00,20.4,,2.4,81,6
108,서울,2020-06-03 23:00,20.1,,2.2,81,7
108,서울,2020-06-04 00:00,20.1,,1.5,81,9
108,서울,2020-06-04 01:00,20,,2.2,83,7
108,서울,2020-06-04 02:00,20.1,,1,84,9
108,서울,2020-06-04 03:00,20.4,0,2.6,86,10
108,서울,2020-06-04 04:00,20.5,0,2,88,10
108,서울,2020-06-04 05:00,20.3,0,2,91,10
108,서울,2020-06-04 06:00,20.1,.1,3,91,10
108,서울,2020-06-04 07:00,20.1,,2.2,90,10
108,서울,2020-06-04 08:00,20.1,.1,3.5,89,10
108,서울,2020-06-04 09:00,20.6,0,3.1,90,10
108,서울,2020-06-04 10:00,22.4,0,2.7,76,8
108,서울,2020-06-04 11:00,23.9,,2.8,68,6
108,서울,2020-06-04 12:00,25,,3.1,63,4
108,서울,2020-06-04 13:00,26,,3.1,60,1
108,서울,2020-06-04 14:00,26.4,,3.8,60,1
108,서울,2020-06-04 15:00,25.4,,4.2,66,9
108,서울,2020-06-04 16:00,24.3,,3.6,70,9
108,서울,2020-06-04 17:00,23.2,,4.1,75,9
108,서울,2020-06-04 18:00,22.8,,3.1,77,5
108,서울,2020-06-04 19:00,21.7,,3.3,80,7
108,서울,2020-06-04 20:00,21.4,,2.5,83,9
108,서울,2020-06-04 21:00,20.8,0,1.9,86,10
108,서울,2020-06-04 22:00,20.3,0,1.6,89,10
108,서울,2020-06-04 23:00,19.9,0,1.4,91,10
108,서울,2020-06-05 00:00,19.7,0,2,90,9
108,서울,2020-06-05 01:00,19.5,,1.4,90,6
108,서울,2020-06-05 02:00,19.3,,1.6,90,1
108,서울,2020-06-05 03:00,19.3,,1.6,90,9
108,서울,2020-06-05 04:00,18.9,,1.5,90,0
108,서울,2020-06-05 05:00,18.4,,1.3,92,5
108,서울,2020-06-05 06:00,18.7,,1.3,92,10
108,서울,2020-06-05 07:00,19,,1.1,90,10
108,서울,2020-06-05 08:00,19.9,,2.2,86,10
108,서울,2020-06-05 09:00,21,,1.5,77,7
108,서울,2020-06-05 10:00,22.3,,1.3,71,7
108,서울,2020-06-05 11:00,23.9,,2.5,67,8
108,서울,2020-06-05 12:00,25.1,,2.2,60,7
108,서울,2020-06-05 13:00,26.3,,1.8,57,8
108,서울,2020-06-05 14:00,27.2,,2.8,50,4
108,서울,2020-06-05 15:00,27.8,,3.2,48,3
108,서울,2020-06-05 16:00,28.5,,2.6,46,7
108,서울,2020-06-05 17:00,28.6,,2.1,46,7
108,서울,2020-06-05 18:00,27.9,,2.6,49,3
108,서울,2020-06-05 19:00,25.8,,3.3,60,7
108,서울,2020-06-05 20:00,24.4,,2,64,5
108,서울,2020-06-05 21:00,23.1,,1.7,66,4
108,서울,2020-06-05 22:00,22.4,,1.4,72,5
108,서울,2020-06-05 23:00,21.7,,2.1,72,1
108,서울,2020-06-06 00:00,21.1,,.9,73,1
108,서울,2020-06-06 01:00,20.7,,1.1,77,4
108,서울,2020-06-06 02:00,20.3,,.9,80,3
108,서울,2020-06-06 03:00,20.1,,1,80,2
108,서울,2020-06-06 04:00,19.7,,1.7,81,0
108,서울,2020-06-06 05:00,19.4,,1.5,82,0
108,서울,2020-06-06 06:00,19.2,,1.2,82,1
108,서울,2020-06-06 07:00,20.1,,1.8,79,2
108,서울,2020-06-06 08:00,22,,2.1,70,0
108,서울,2020-06-06 09:00,24,,2.3,65,0
108,서울,2020-06-06 10:00,25.6,,2.4,58,6
108,서울,2020-06-06 11:00,26.1,,1.6,57,8
108,서울,2020-06-06 12:00,28.2,,2.4,50,8
108,서울,2020-06-06 13:00,29.3,,1.8,47,8
108,서울,2020-06-06 14:00,29.4,,2,45,2
108,서울,2020-06-06 15:00,30.5,,2.5,42,2
108,서울,2020-06-06 16:00,30.6,,1.8,41,5
108,서울,2020-06-06 17:00,29.1,,3.8,52,5
108,서울,2020-06-06 18:00,28.1,,3.4,55,0
108,서울,2020-06-06 19:00,27.1,,2.2,59,2
108,서울,2020-06-06 20:00,26,,1.7,60,2
108,서울,2020-06-06 21:00,25.2,,2.6,62,1
108,서울,2020-06-06 22:00,24.8,,2,63,2
108,서울,2020-06-06 23:00,23.4,,2.8,66,6
108,서울,2020-06-07 00:00,21.4,,2.5,73,4
108,서울,2020-06-07 01:00,20.7,,2.6,75,3
108,서울,2020-06-07 02:00,20,,2.6,77,2
108,서울,2020-06-07 03:00,19.4,,1.4,78,2
108,서울,2020-06-07 04:00,19.3,,1.4,78,8
108,서울,2020-06-07 05:00,19.4,,.6,76,9
108,서울,2020-06-07 06:00,19.6,,1.8,78,9
108,서울,2020-06-07 07:00,19.6,,2.1,78,9
108,서울,2020-06-07 08:00,20.1,,1.9,78,9
108,서울,2020-06-07 09:00,20.9,,2,75,8
108,서울,2020-06-07 10:00,22.4,,2.4,69,8
108,서울,2020-06-07 11:00,24.4,,2.9,62,6
108,서울,2020-06-07 12:00,24.8,,2.3,61,5
108,서울,2020-06-07 13:00,26.1,,2.4,56,2
108,서울,2020-06-07 14:00,27.4,,1.7,50,2
108,서울,2020-06-07 15:00,28.4,,3,45,0
108,서울,2020-06-07 16:00,28.9,,3.2,49,2
108,서울,2020-06-07 17:00,28,,3.6,52,3
108,서울,2020-06-07 18:00,25.7,,4.3,62,2
108,서울,2020-06-07 19:00,24.5,,3.3,67,0
108,서울,2020-06-07 20:00,23,,2.2,72,0
108,서울,2020-06-07 21:00,22.3,,2.1,75,0
108,서울,2020-06-07 22:00,21.6,,2.2,77,0
108,서울,2020-06-07 23:00,21,,1.6,80,0
108,서울,2020-06-08 00:00,20.6,,2,81,0
108,서울,2020-06-08 01:00,19.9,,2.6,85,6
108,서울,2020-06-08 02:00,19.8,,1.1,85,7
108,서울,2020-06-08 03:00,19.8,,1.1,86,10
108,서울,2020-06-08 04:00,20,,.9,86,10
108,서울,2020-06-08 05:00,20.1,,.7,86,10
108,서울,2020-06-08 06:00,20.3,,1.2,85,10
108,서울,2020-06-08 07:00,21,,1.2,84,5
108,서울,2020-06-08 08:00,22.5,,1.2,77,3
108,서울,2020-06-08 09:00,23.6,,2,73,1
108,서울,2020-06-08 10:00,25.5,,1.4,65,1
108,서울,2020-06-08 11:00,26.8,,1.5,58,0
108,서울,2020-06-08 12:00,28.9,,2.1,49,3
108,서울,2020-06-08 13:00,29.8,,2.8,46,0
108,서울,2020-06-08 14:00,30.6,,2.9,44,0
108,서울,2020-06-08 15:00,31.2,,2.2,41,0
108,서울,2020-06-08 16:00,31.6,,2.8,43,0
108,서울,2020-06-08 17:00,30.7,,3.8,45,0
108,서울,2020-06-08 18:00,28.5,,5.1,53,0
108,서울,2020-06-08 19:00,26.4,,3.8,57,0
108,서울,2020-06-08 20:00,25.4,,3.8,63,1
108,서울,2020-06-08 21:00,24.4,,2.6,60,0
108,서울,2020-06-08 22:00,23.8,,2,60,0
108,서울,2020-06-08 23:00,23.4,,.6,60,0
108,서울,2020-06-09 00:00,22.9,,1.4,62,0
108,서울,2020-06-09 01:00,22.5,,.9,63,0
108,서울,2020-06-09 02:00,22,,1.6,65,0
108,서울,2020-06-09 03:00,21.4,,1.3,67,0
108,서울,2020-06-09 04:00,20.9,,2.2,70,0
108,서울,2020-06-09 05:00,20.5,,1.5,71,0
108,서울,2020-06-09 06:00,20.4,,1.5,73,2
108,서울,2020-06-09 07:00,21.4,,1.8,71,1
108,서울,2020-06-09 08:00,23.9,,1.1,64,1
108,서울,2020-06-09 09:00,25.8,,1.8,58,1
108,서울,2020-06-09 10:00,27.7,,1.2,50,2
108,서울,2020-06-09 11:00,29.5,,3.1,40,1
108,서울,2020-06-09 12:00,31.1,,1.8,40,3
108,서울,2020-06-09 13:00,31.9,,3.4,38,4
108,서울,2020-06-09 14:00,32.6,,3.7,36,3
108,서울,2020-06-09 15:00,32.7,,3,38,3
108,서울,2020-06-09 16:00,32.5,,3.5,41,5
108,서울,2020-06-09 17:00,31.9,,3.6,38,2
108,서울,2020-06-09 18:00,31.2,,3,36,3
108,서울,2020-06-09 19:00,30,,3.2,36,5
108,서울,2020-06-09 20:00,28.2,,3.5,46,5
108,서울,2020-06-09 21:00,26.6,,2.3,49,7
108,서울,2020-06-09 22:00,25.7,,1.4,52,6
108,서울,2020-06-09 23:00,25.2,,2.3,53,4
108,서울,2020-06-10 00:00,24.6,,1.6,52,5
108,서울,2020-06-10 01:00,24.3,,1.2,54,7
108,서울,2020-06-10 02:00,23.9,,.6,55,9
108,서울,2020-06-10 03:00,23.6,,1.7,57,9
108,서울,2020-06-10 04:00,23.2,,1.7,57,8
108,서울,2020-06-10 05:00,22.8,,.5,59,7
108,서울,2020-06-10 06:00,22.5,,1.4,61,9
108,서울,2020-06-10 07:00,23.4,,2.5,64,6
108,서울,2020-06-10 08:00,24.9,,1.6,58,9
108,서울,2020-06-10 09:00,26.6,,2.1,54,8
108,서울,2020-06-10 10:00,29,,1.1,48,8
108,서울,2020-06-10 11:00,30.3,,2.5,44,7
108,서울,2020-06-10 12:00,31,,3.2,42,8
108,서울,2020-06-10 13:00,31.1,,2.6,44,9
108,서울,2020-06-10 14:00,31.9,,2.5,42,8
108,서울,2020-06-10 15:00,31.9,,2.7,45,8
108,서울,2020-06-10 16:00,30.5,,3,50,9
108,서울,2020-06-10 17:00,28.7,,3.4,55,10
108,서울,2020-06-10 18:00,25.1,0,5.8,74,10
108,서울,2020-06-10 19:00,24.6,0,2.6,77,10
108,서울,2020-06-10 20:00,23.7,1,2.8,83,10
108,서울,2020-06-10 21:00,22.8,2.4,2,88,10
108,서울,2020-06-10 22:00,22.6,2.4,.2,88,10
108,서울,2020-06-10 23:00,22.6,.2,.9,89,10
108,서울,2020-06-11 00:00,22.5,.2,.9,89,10
108,서울,2020-06-11 01:00,22.4,0,2,91,10
108,서울,2020-06-11 02:00,22.1,,1.5,90,6
108,서울,2020-06-11 03:00,22.2,,1.4,90,10
108,서울,2020-06-11 04:00,22.1,,1.1,90,8
108,서울,2020-06-11 05:00,21.8,,1.3,89,10
108,서울,2020-06-11 06:00,21.9,,1.5,88,6
108,서울,2020-06-11 07:00,22.4,,2,87,8
108,서울,2020-06-11 08:00,23.2,,1.2,83,8
108,서울,2020-06-11 09:00,24.2,,1.1,80,8
108,서울,2020-06-11 10:00,25.9,,1,72,5
108,서울,2020-06-11 11:00,27.2,,2.5,66,3
108,서울,2020-06-11 12:00,28.2,,3.5,61,5
108,서울,2020-06-11 13:00,29.2,,2.5,57,4
108,서울,2020-06-11 14:00,30.2,,3,52,2
108,서울,2020-06-11 15:00,31.2,,2.7,44,2
108,서울,2020-06-11 16:00,31.3,,3.6,44,2
108,서울,2020-06-11 17:00,31.4,,3.2,44,1
108,서울,2020-06-11 18:00,30.5,,3.2,45,6
108,서울,2020-06-11 19:00,29.1,,2.3,49,7
108,서울,2020-06-11 20:00,27.7,,3.7,63,8
108,서울,2020-06-11 21:00,26,,4.2,65,2
108,서울,2020-06-11 22:00,25.1,,2.8,70,7
108,서울,2020-06-11 23:00,24.6,,1.6,72,10
108,서울,2020-06-12 00:00,24.3,,1.3,73,7
108,서울,2020-06-12 01:00,23.7,,1.6,75,5
108,서울,2020-06-12 02:00,23.3,,1,76,3
108,서울,2020-06-12 03:00,22.7,,1.3,80,3
108,서울,2020-06-12 04:00,22.1,,1.7,82,4
108,서울,2020-06-12 05:00,21.7,,1.7,83,7
108,서울,2020-06-12 06:00,21.7,,.6,83,9
108,서울,2020-06-12 07:00,22.2,,1.7,82,8
108,서울,2020-06-12 08:00,23.5,,1.8,79,9
108,서울,2020-06-12 09:00,25.1,,1.3,71,9
108,서울,2020-06-12 10:00,26,,1.9,67,9
108,서울,2020-06-12 11:00,26.5,,1.7,56,9
108,서울,2020-06-12 12:00,26.8,,1.9,62,9
108,서울,2020-06-12 13:00,27.3,,2.1,51,9
108,서울,2020-06-12 14:00,27.4,,2.4,50,9
108,서울,2020-06-12 15:00,27.1,,2.6,58,9
108,서울,2020-06-12 16:00,27.4,,2.4,50,9
108,서울,2020-06-12 17:00,27,,2.4,52,9
108,서울,2020-06-12 18:00,26.8,,1.9,55,9
108,서울,2020-06-12 19:00,26.3,,1.9,58,10
108,서울,2020-06-12 20:00,25.6,,2.2,63,10
108,서울,2020-06-12 21:00,24.6,,2.1,69,9
108,서울,2020-06-12 22:00,24.1,,1.8,71,10
108,서울,2020-06-12 23:00,23.5,,1.8,72,10
108,서울,2020-06-13 00:00,23,,.9,71,8
108,서울,2020-06-13 01:00,22.5,,.5,72,8
108,서울,2020-06-13 02:00,22.4,,.9,67,10
108,서울,2020-06-13 03:00,21.7,,.9,69,7
108,서울,2020-06-13 04:00,21.4,,.3,72,6
108,서울,2020-06-13 05:00,21,,1.2,76,3
108,서울,2020-06-13 06:00,20.7,,.5,77,6
108,서울,2020-06-13 07:00,21.5,,1.4,76,6
108,서울,2020-06-13 08:00,23.7,,2.2,68,4
108,서울,2020-06-13 09:00,25.6,,1.7,59,4
108,서울,2020-06-13 10:00,27.5,,1.2,44,1
108,서울,2020-06-13 11:00,29.1,,1.8,34,1
108,서울,2020-06-13 12:00,30.7,,1.6,34,1
108,서울,2020-06-13 13:00,31.9,,1.8,29,1
108,서울,2020-06-13 14:00,32.7,,2,29,0
108,서울,2020-06-13 15:00,33.1,,3.7,33,0
108,서울,2020-06-13 16:00,33,,2.9,38,5
108,서울,2020-06-13 17:00,32,,3,42,6
108,서울,2020-06-13 18:00,30.7,,2.7,46,8
108,서울,2020-06-13 19:00,29.7,,3,51,8
108,서울,2020-06-13 20:00,28.1,,4.3,50,9
108,서울,2020-06-13 21:00,27.2,,3.4,45,9
108,서울,2020-06-13 22:00,26.5,0,3.5,46,10
108,서울,2020-06-13 23:00,26,0,.7,52,8
108,서울,2020-06-14 00:00,25.6,,1.5,59,9
108,서울,2020-06-14 01:00,25.1,0,2.4,68,9
108,서울,2020-06-14 02:00,23.8,0,.9,73,10
108,서울,2020-06-14 03:00,22.6,.3,2.4,87,10
108,서울,2020-06-14 04:00,22.1,.8,1.5,89,10
108,서울,2020-06-14 05:00,22.2,0,2,89,10
108,서울,2020-06-14 06:00,22.1,,1.4,88,9
108,서울,2020-06-14 07:00,22.4,,1.6,84,7
108,서울,2020-06-14 08:00,22.7,,2.2,79,8
108,서울,2020-06-14 09:00,23.2,,2.1,76,10
108,서울,2020-06-14 10:00,23.4,,2.1,70,9
108,서울,2020-06-14 11:00,24.3,,2.6,67,8
108,서울,2020-06-14 12:00,26.4,,3.2,52,4
108,서울,2020-06-14 13:00,27.9,,4.1,43,1
108,서울,2020-06-14 14:00,28.2,,4.5,45,1
108,서울,2020-06-14 15:00,28.5,,4.5,48,1
108,서울,2020-06-14 16:00,28.6,,4.3,48,0
108,서울,2020-06-14 17:00,28.5,,4.5,53,2
108,서울,2020-06-14 18:00,26.9,,4,59,1
108,서울,2020-06-14 19:00,24.9,,4.4,66,0
108,서울,2020-06-14 20:00,23,,4.1,72,1
108,서울,2020-06-14 21:00,22.2,,2.9,74,0
108,서울,2020-06-14 22:00,21.4,,3,76,0
108,서울,2020-06-14 23:00,20.8,,2.2,78,0
108,서울,2020-06-15 00:00,20.1,,2.4,81,0
108,서울,2020-06-15 01:00,19.7,,.8,82,0
108,서울,2020-06-15 02:00,19.3,,.7,82,0
108,서울,2020-06-15 03:00,19.1,,1.6,84,0
108,서울,2020-06-15 04:00,18.8,,1.4,84,0
108,서울,2020-06-15 05:00,18.3,,1.6,85,2
108,서울,2020-06-15 06:00,18.2,,.9,85,6
108,서울,2020-06-15 07:00,19.1,,.8,83,8
108,서울,2020-06-15 08:00,20.2,,.7,78,7
108,서울,2020-06-15 09:00,21.9,,1.4,72,7
108,서울,2020-06-15 10:00,23.6,,3.1,65,6
108,서울,2020-06-15 11:00,25.5,,2.8,56,5
108,서울,2020-06-15 12:00,26.5,,3.1,55,7
108,서울,2020-06-15 13:00,27,,4.6,48,6
108,서울,2020-06-15 14:00,27.7,,4.6,39,6
108,서울,2020-06-15 15:00,28.6,,3.7,35,3
108,서울,2020-06-15 16:00,27.3,,4.2,34,6
108,서울,2020-06-15 17:00,26.8,,3.9,33,7
108,서울,2020-06-15 18:00,26,,4,37,8
108,서울,2020-06-15 19:00,24.4,,4.2,46,8
108,서울,2020-06-15 20:00,23.5,,3.1,47,8
108,서울,2020-06-15 21:00,22.6,,3.5,52,8
108,서울,2020-06-15 22:00,21.4,,4.1,69,8
108,서울,2020-06-15 23:00,21,,3.2,78,6
108,서울,2020-06-16 00:00,21.1,,2.9,78,9
108,서울,2020-06-16 01:00,20.8,,2.8,78,7
108,서울,2020-06-16 02:00,20.5,,2.5,78,9
108,서울,2020-06-16 03:00,20.1,,2.5,79,9
108,서울,2020-06-16 04:00,20.1,,1.2,79,9
108,서울,2020-06-16 05:00,20,,2.3,78,9
108,서울,2020-06-16 06:00,20.1,,.4,79,9
108,서울,2020-06-16 07:00,20.4,,1.3,77,9
108,서울,2020-06-16 08:00,21.1,,2,73,8
108,서울,2020-06-16 09:00,22.4,,2,69,6
108,서울,2020-06-16 10:00,23.4,,2,63,6
108,서울,2020-06-16 11:00,25.4,,2.2,55,4
108,서울,2020-06-16 12:00,27.2,,1.9,50,3
108,서울,2020-06-16 13:00,28.5,,2,47,3
108,서울,2020-06-16 14:00,29.5,,2.5,43,3
108,서울,2020-06-16 15:00,30.4,,2,39,4
108,서울,2020-06-16 16:00,30.4,,2.2,39,5
108,서울,2020-06-16 17:00,29.6,,3.7,49,4
108,서울,2020-06-16 18:00,28,,3,53,8
108,서울,2020-06-16 19:00,26.8,,3.2,56,9
108,서울,2020-06-16 20:00,25.9,,2.4,57,8
108,서울,2020-06-16 21:00,24.9,,1.9,63,9
108,서울,2020-06-16 22:00,23.9,,2,67,7
108,서울,2020-06-16 23:00,22.8,,1.7,68,1
108,서울,2020-06-17 00:00,22.2,,1.9,72,0
108,서울,2020-06-17 01:00,21.6,,1.3,72,7
108,서울,2020-06-17 02:00,21.4,,.8,73,7
108,서울,2020-06-17 03:00,20.9,,.4,74,0
108,서울,2020-06-17 04:00,20.7,,.3,76,0
108,서울,2020-06-17 05:00,20.4,,.7,77,3
108,서울,2020-06-17 06:00,20.2,,1.2,79,9
108,서울,2020-06-17 07:00,21.6,,1,73,9
108,서울,2020-06-17 08:00,23.5,,1.1,64,9
108,서울,2020-06-17 09:00,24.7,,1.7,58,8
108,서울,2020-06-17 10:00,25.8,,2.5,56,9
108,서울,2020-06-17 11:00,26.3,,1.9,55,9
108,서울,2020-06-17 12:00,27.6,,2.3,50,8
108,서울,2020-06-17 13:00,29.2,,2.8,41,7
108,서울,2020-06-17 14:00,29.9,,2.8,40,7
108,서울,2020-06-17 15:00,30.3,,2.9,44,7
108,서울,2020-06-17 16:00,29,,2,48,8
108,서울,2020-06-17 17:00,27.6,,4.1,46,8
108,서울,2020-06-17 18:00,26.6,,3.4,44,9
108,서울,2020-06-17 19:00,25.3,,3.8,53,9
108,서울,2020-06-17 20:00,24.1,,2.9,57,10
108,서울,2020-06-17 21:00,22.8,,3,59,9
108,서울,2020-06-17 22:00,22.1,,2.1,63,10
108,서울,2020-06-17 23:00,21.7,,2,62,10
108,서울,2020-06-18 00:00,21.5,,1.9,61,9
108,서울,2020-06-18 01:00,21.1,,2,64,10
108,서울,2020-06-18 02:00,20.8,,.6,65,10
108,서울,2020-06-18 03:00,20.8,,.8,66,9
108,서울,2020-06-18 04:00,20.6,,.9,69,9
108,서울,2020-06-18 05:00,20.5,,1.6,70,9
108,서울,2020-06-18 06:00,20.3,,1.4,69,9
108,서울,2020-06-18 07:00,20.5,,1.8,72,9
108,서울,2020-06-18 08:00,21.1,,.9,69,9
108,서울,2020-06-18 09:00,21.9,,.9,66,10
108,서울,2020-06-18 10:00,22.7,,.7,64,10
108,서울,2020-06-18 11:00,23.9,,1.9,57,10
108,서울,2020-06-18 12:00,24.4,,2,56,10
108,서울,2020-06-18 13:00,25.5,,1.4,53,9
108,서울,2020-06-18 14:00,26.6,,1.6,49,10
108,서울,2020-06-18 15:00,26.8,,1.8,49,10
108,서울,2020-06-18 16:00,27.2,,2,47,9
108,서울,2020-06-18 17:00,26.8,,2.2,51,10
108,서울,2020-06-18 18:00,26.2,,1.4,53,10
108,서울,2020-06-18 19:00,25,,2.6,62,10
108,서울,2020-06-18 20:00,24.2,,1.4,64,9
108,서울,2020-06-18 21:00,24.1,,1.2,64,6
108,서울,2020-06-18 22:00,23.6,,2.4,63,8
108,서울,2020-06-18 23:00,23.3,,2,66,9
108,서울,2020-06-19 00:00,23,,1.7,68,8
108,서울,2020-06-19 01:00,22.5,,3.6,69,10
108,서울,2020-06-19 02:00,22,,3.2,70,10
108,서울,2020-06-19 03:00,21.8,,2.4,70,10
108,서울,2020-06-19 04:00,21.7,,2.4,69,10
108,서울,2020-06-19 05:00,21.4,,1.6,69,10
108,서울,2020-06-19 06:00,21.3,,1.1,70,10
108,서울,2020-06-19 07:00,21.1,0,.8,73,10
108,서울,2020-06-19 08:00,21.4,.1,1.6,73,10
108,서울,2020-06-19 09:00,22.2,0,2,69,9
108,서울,2020-06-19 10:00,25,,2.7,60,8
108,서울,2020-06-19 11:00,26.1,,1.9,56,8
108,서울,2020-06-19 12:00,27.6,,1.5,50,6
108,서울,2020-06-19 13:00,29.1,,2,49,8
108,서울,2020-06-19 14:00,28.6,,2,50,8
108,서울,2020-06-19 15:00,29.4,,2.5,48,8
108,서울,2020-06-19 16:00,29.7,,1.6,47,7
108,서울,2020-06-19 17:00,29.3,,1.7,48,7
108,서울,2020-06-19 18:00,29.2,0,2.6,49,7
108,서울,2020-06-19 19:00,27.6,,4,57,3
108,서울,2020-06-19 20:00,24.9,,2.9,63,6
108,서울,2020-06-19 21:00,23.9,,2.7,65,0
108,서울,2020-06-19 22:00,23.3,,2,67,1
108,서울,2020-06-19 23:00,22.9,,2.2,68,3
108,서울,2020-06-20 00:00,22.4,,1.5,70,0
108,서울,2020-06-20 01:00,21.9,,.8,71,3
108,서울,2020-06-20 02:00,21.6,,.7,74,3
108,서울,2020-06-20 03:00,21.1,,1.1,77,0
108,서울,2020-06-20 04:00,21,,1,76,0
108,서울,2020-06-20 05:00,20.8,,.7,78,4
108,서울,2020-06-20 06:00,20.7,,.5,79,0
108,서울,2020-06-20 07:00,21.6,,1.2,78,0
108,서울,2020-06-20 08:00,23.5,,1.7,70,0
108,서울,2020-06-20 09:00,25.4,,1.5,63,0
108,서울,2020-06-20 10:00,26.7,,1.9,57,2
108,서울,2020-06-20 11:00,28,,2.4,52,4
108,서울,2020-06-20 12:00,28.8,,2.6,51,5
108,서울,2020-06-20 13:00,29.4,,2.4,50,6
108,서울,2020-06-20 14:00,28.3,,3.9,54,6
108,서울,2020-06-20 15:00,29.3,,4,50,2
108,서울,2020-06-20 16:00,29.3,,3.3,50,0
108,서울,2020-06-20 17:00,28.5,,3.4,51,0
108,서울,2020-06-20 18:00,28.4,,3.4,49,0
108,서울,2020-06-20 19:00,26.7,,3.8,54,0
108,서울,2020-06-20 20:00,24.9,,2.5,56,0
108,서울,2020-06-20 21:00,23.9,,2.1,60,0
108,서울,2020-06-20 22:00,23,,2.4,67,1
108,서울,2020-06-20 23:00,22.3,,2.2,68,2
108,서울,2020-06-21 00:00,21.6,,1.6,72,0
108,서울,2020-06-21 01:00,21.3,,1.5,71,2
108,서울,2020-06-21 02:00,20.8,,1,74,2
108,서울,2020-06-21 03:00,20.5,,1.2,74,0
108,서울,2020-06-21 04:00,20.2,,2.3,78,0
108,서울,2020-06-21 05:00,19.6,,2.2,79,0
108,서울,2020-06-21 06:00,19.5,,.9,82,0
108,서울,2020-06-21 07:00,20.1,,.2,81,0
108,서울,2020-06-21 08:00,22.4,,1.5,73,0
108,서울,2020-06-21 09:00,24.6,,1,64,0
108,서울,2020-06-21 10:00,26.5,,1.4,55,0
108,서울,2020-06-21 11:00,28.6,,1.4,49,0
108,서울,2020-06-21 12:00,30.3,,1.5,45,0
108,서울,2020-06-21 13:00,31.5,,2.5,41,0
108,서울,2020-06-21 14:00,31.8,,3.3,40,1
108,서울,2020-06-21 15:00,32.3,,3.6,40,1
108,서울,2020-06-21 16:00,32,,3.7,41,1
108,서울,2020-06-21 17:00,30.9,,3.5,44,0
108,서울,2020-06-21 18:00,30.6,,2.8,44,0
108,서울,2020-06-21 19:00,29.6,,3.6,46,0
108,서울,2020-06-21 20:00,28.1,,2.1,53,0
108,서울,2020-06-21 21:00,26.4,,1.8,61,0
108,서울,2020-06-21 22:00,25.5,,1.3,63,0
108,서울,2020-06-21 23:00,24.9,,1.1,64,0
108,서울,2020-06-22 00:00,24.4,,1.8,66,0
108,서울,2020-06-22 01:00,23.9,,.5,67,0
108,서울,2020-06-22 02:00,23.2,,1.7,70,0
108,서울,2020-06-22 03:00,23,,1.3,72,0
108,서울,2020-06-22 04:00,22.6,,1,73,0
108,서울,2020-06-22 05:00,21.9,,1.7,74,0
108,서울,2020-06-22 06:00,21.7,,1.6,78,0
108,서울,2020-06-22 07:00,22.9,,1,76,0
108,서울,2020-06-22 08:00,25.2,,.7,66,0
108,서울,2020-06-22 09:00,28.2,,1.2,55,0
108,서울,2020-06-22 10:00,29.6,,2,52,0
108,서울,2020-06-22 11:00,31,,1.9,47,1
108,서울,2020-06-22 12:00,32.5,,3,42,2
108,서울,2020-06-22 13:00,32.8,,3.3,38,2
108,서울,2020-06-22 14:00,33.7,,3.1,33,0
108,서울,2020-06-22 15:00,35.2,,2.5,30,1
108,서울,2020-06-22 16:00,35.2,,3.5,27,1
108,서울,2020-06-22 17:00,35,,3.3,31,4
108,서울,2020-06-22 18:00,33.1,,3.8,38,6
108,서울,2020-06-22 19:00,31.7,,3.4,42,6
108,서울,2020-06-22 20:00,29.7,,2.9,45,2
108,서울,2020-06-22 21:00,28.5,,2.6,36,2
108,서울,2020-06-22 22:00,27.8,,1.5,46,0
108,서울,2020-06-22 23:00,27.2,,1.7,51,1
108,서울,2020-06-23 00:00,26.6,,.6,53,2
108,서울,2020-06-23 01:00,25.8,,1.5,56,4
108,서울,2020-06-23 02:00,25.5,,1.2,56,7
108,서울,2020-06-23 03:00,24.9,,1.7,61,8
108,서울,2020-06-23 04:00,24.3,,2.9,57,7
108,서울,2020-06-23 05:00,23.7,,2,60,7
108,서울,2020-06-23 06:00,23.3,,1.6,62,6
108,서울,2020-06-23 07:00,23.5,,1.4,63,5
108,서울,2020-06-23 08:00,25.4,,1.4,58,1
108,서울,2020-06-23 09:00,27.5,,1.9,50,2
108,서울,2020-06-23 10:00,29.4,,2.3,45,3
108,서울,2020-06-23 11:00,30.6,,2.6,43,7
108,서울,2020-06-23 12:00,30.7,,2.7,44,8
108,서울,2020-06-23 13:00,30.8,,2.6,44,9
108,서울,2020-06-23 14:00,30.8,,2.2,44,9
108,서울,2020-06-23 15:00,30.2,,2.8,48,9
108,서울,2020-06-23 16:00,30.1,,3.2,50,9
108,서울,2020-06-23 17:00,29.4,,3,50,9
108,서울,2020-06-23 18:00,28.4,,2.8,51,9
108,서울,2020-06-23 19:00,27.3,,2,51,10
108,서울,2020-06-23 20:00,27,,.9,51,10
108,서울,2020-06-23 21:00,26.8,,.4,52,9
108,서울,2020-06-23 22:00,26.6,,1.8,54,10
108,서울,2020-06-23 23:00,26.3,0,1.5,57,9
108,서울,2020-06-24 00:00,26.3,,.8,60,9
108,서울,2020-06-24 01:00,26.1,,1.4,64,10
108,서울,2020-06-24 02:00,26.1,,1.2,66,10
108,서울,2020-06-24 03:00,26.1,,1.5,67,10
108,서울,2020-06-24 04:00,26.2,,1.5,63,10
108,서울,2020-06-24 05:00,26.2,0,1.8,62,10
108,서울,2020-06-24 06:00,25.7,0,2.5,60,10
108,서울,2020-06-24 07:00,25.9,0,3.9,56,10
108,서울,2020-06-24 08:00,25.1,.1,2.9,62,10
108,서울,2020-06-24 09:00,24.4,.2,3.1,66,10
108,서울,2020-06-24 10:00,23.9,.2,4.5,67,10
108,서울,2020-06-24 11:00,21.3,6.6,2.9,84,10
108,서울,2020-06-24 12:00,20.4,7.8,4,90,10
108,서울,2020-06-24 13:00,19.9,6.2,4,92,10
108,서울,2020-06-24 14:00,20,1.5,2.4,94,10
108,서울,2020-06-24 15:00,20.3,.7,3.2,95,10
108,서울,2020-06-24 16:00,20.7,.3,3.3,94,10
108,서울,2020-06-24 17:00,20.6,1.9,2.2,95,10
108,서울,2020-06-24 18:00,20.5,3.3,2.5,96,10
108,서울,2020-06-24 19:00,20.4,1.5,3,97,10
108,서울,2020-06-24 20:00,20.4,1.2,3,97,10
108,서울,2020-06-24 21:00,20.4,1.7,3,97,10
108,서울,2020-06-24 22:00,20.5,1.6,2.5,97,10
108,서울,2020-06-24 23:00,20.5,1.7,2,97,10
108,서울,2020-06-25 00:00,20.6,1.1,2,97,10
108,서울,2020-06-25 01:00,20.6,2,2.1,98,10
108,서울,2020-06-25 02:00,20.7,3.1,1.4,97,10
108,서울,2020-06-25 03:00,20.7,2.7,1,97,10
108,서울,2020-06-25 04:00,20.8,2,1,97,10
108,서울,2020-06-25 05:00,20.9,.7,1.3,97,10
108,서울,2020-06-25 06:00,21.1,.3,2.5,97,10
108,서울,2020-06-25 07:00,21.1,.2,1.1,96,10
108,서울,2020-06-25 08:00,21.5,0,1.1,95,10
108,서울,2020-06-25 09:00,21.6,0,2.8,93,10
108,서울,2020-06-25 10:00,22,0,3,93,10
108,서울,2020-06-25 11:00,21.9,.5,2.1,93,10
108,서울,2020-06-25 12:00,22.7,0,2.8,89,10
108,서울,2020-06-25 13:00,22.1,0,2.3,88,10
108,서울,2020-06-25 14:00,22.3,0,2.5,85,10
108,서울,2020-06-25 15:00,23.1,,2.9,82,10
108,서울,2020-06-25 16:00,23,,2.3,80,10
108,서울,2020-06-25 17:00,22.5,,2.8,82,10
108,서울,2020-06-25 18:00,22.3,,2.2,83,10
108,서울,2020-06-25 19:00,22.2,,2.3,83,10
108,서울,2020-06-25 20:00,21.6,,2.2,87,10
108,서울,2020-06-25 21:00,20.9,.4,3.5,91,10
108,서울,2020-06-25 22:00,20.5,.3,2.1,93,10
108,서울,2020-06-25 23:00,20.2,.3,3.8,95,10
108,서울,2020-06-26 00:00,20.1,.8,2,96,10
108,서울,2020-06-26 01:00,19.9,.3,3.2,96,10
108,서울,2020-06-26 02:00,19.7,.6,2.7,96,10
108,서울,2020-06-26 03:00,19.5,.7,3,97,10
108,서울,2020-06-26 04:00,19.2,.3,3.1,97,10
108,서울,2020-06-26 05:00,19.2,.2,2.8,97,10
108,서울,2020-06-26 06:00,19.3,0,2.8,97,10
108,서울,2020-06-26 07:00,19.5,,3.2,96,10
108,서울,2020-06-26 08:00,19.5,,4.1,94,10
108,서울,2020-06-26 09:00,19.7,,3.9,94,10
108,서울,2020-06-26 10:00,20.4,,2.6,92,10
108,서울,2020-06-26 11:00,21.6,,2.7,87,10
108,서울,2020-06-26 12:00,23.1,,3.1,75,9
108,서울,2020-06-26 13:00,23.8,,3.7,72,9
108,서울,2020-06-26 14:00,23.9,,3.1,74,9
108,서울,2020-06-26 15:00,25.3,,4.4,67,8
108,서울,2020-06-26 16:00,25.7,,3.9,64,6
108,서울,2020-06-26 17:00,24.9,,3.3,69,8
108,서울,2020-06-26 18:00,24.3,,3.4,71,7
108,서울,2020-06-26 19:00,23.4,,3.2,75,4
108,서울,2020-06-26 20:00,22.6,,3.5,76,6
108,서울,2020-06-26 21:00,21.9,,2.2,78,6
108,서울,2020-06-26 22:00,21.8,,2.7,78,
108,서울,2020-06-26 23:00,21.6,,2.3,77,
108,서울,2020-06-27 00:00,21.3,,1.6,78,6
108,서울,2020-06-27 01:00,21,,1.2,79,8
108,서울,2020-06-27 02:00,21,,1.4,78,10
108,서울,2020-06-27 03:00,20.9,,1.4,78,8
108,서울,2020-06-27 04:00,20.7,,1.1,80,9
108,서울,2020-06-27 05:00,20.5,,.6,82,8
108,서울,2020-06-27 06:00,20.4,,.2,81,10
108,서울,2020-06-27 07:00,20.6,0,.2,81,10
108,서울,2020-06-27 08:00,21.3,,0,78,10
108,서울,2020-06-27 09:00,22.5,,.9,75,9
108,서울,2020-06-27 10:00,23.7,,.4,70,7
108,서울,2020-06-27 11:00,25.3,,2.4,64,7
108,서울,2020-06-27 12:00,27.1,,2.1,60,7
108,서울,2020-06-27 13:00,27.4,,2.1,54,8
108,서울,2020-06-27 14:00,28.3,,2.3,56,2
108,서울,2020-06-27 15:00,29,,3.1,55,1
108,서울,2020-06-27 16:00,29.4,,3.5,54,6
108,서울,2020-06-27 17:00,28.5,,3.6,54,0
108,서울,2020-06-27 18:00,26.7,,5.3,61,0
108,서울,2020-06-27 19:00,25.3,,3.7,65,2
108,서울,2020-06-27 20:00,24,,2.9,67,3
108,서울,2020-06-27 21:00,23.5,,1.9,71,8
108,서울,2020-06-27 22:00,23.2,,2.1,77,6
108,서울,2020-06-27 23:00,23,,2.4,77,4
108,서울,2020-06-28 00:00,22.5,,1.6,82,6
108,서울,2020-06-28 01:00,22.2,,1.2,84,1
108,서울,2020-06-28 02:00,21.8,,.7,85,5
108,서울,2020-06-28 03:00,21.7,,2,87,2
108,서울,2020-06-28 04:00,21.6,,.9,87,6
108,서울,2020-06-28 05:00,21.6,,1.6,88,5
108,서울,2020-06-28 06:00,21.5,,.8,88,0
108,서울,2020-06-28 07:00,21.9,,2.6,89,1
108,서울,2020-06-28 08:00,22.8,,2.3,83,3
108,서울,2020-06-28 09:00,24.1,,2.7,76,3
108,서울,2020-06-28 10:00,25.1,,2.7,70,2
108,서울,2020-06-28 11:00,26.1,,3.4,64,2
108,서울,2020-06-28 12:00,27.5,,3,59,4
108,서울,2020-06-28 13:00,28,,3,56,3
108,서울,2020-06-28 14:00,28.6,,3.4,52,3
108,서울,2020-06-28 15:00,29.9,,3,51,4
108,서울,2020-06-28 16:00,29.6,,3.4,53,3
108,서울,2020-06-28 17:00,29.1,,3.4,58,2
108,서울,2020-06-28 18:00,28.6,,2.7,60,2
108,서울,2020-06-28 19:00,27.6,,2.7,64,2
108,서울,2020-06-28 20:00,26.2,,2,66,0
108,서울,2020-06-28 21:00,25.1,,2.6,70,0
108,서울,2020-06-28 22:00,24.1,,2.8,69,2
108,서울,2020-06-28 23:00,23.6,,2,71,2
108,서울,2020-06-29 00:00,23.2,,1.5,74,0
108,서울,2020-06-29 01:00,22.8,,1.8,78,2
108,서울,2020-06-29 02:00,22.1,,1.8,80,6
108,서울,2020-06-29 03:00,21.6,,1.2,83,4
108,서울,2020-06-29 04:00,21,,2,85,0
108,서울,2020-06-29 05:00,20.8,,1.5,86,5
108,서울,2020-06-29 06:00,20.9,,1.8,88,8
108,서울,2020-06-29 07:00,22,,2,87,8
108,서울,2020-06-29 08:00,23.8,,2.6,81,7
108,서울,2020-06-29 09:00,25.2,,1.6,72,9
108,서울,2020-06-29 10:00,25.4,,2.6,67,9
108,서울,2020-06-29 11:00,26.5,,2.4,65,9
108,서울,2020-06-29 12:00,26.5,,2.9,67,9
108,서울,2020-06-29 13:00,26.3,,3,68,9
108,서울,2020-06-29 14:00,26.2,,2.7,68,10
108,서울,2020-06-29 15:00,25.9,,3.1,69,10
108,서울,2020-06-29 16:00,26.2,,1.8,70,9
108,서울,2020-06-29 17:00,26.2,,2.4,67,9
108,서울,2020-06-29 18:00,26.1,,3.7,65,9
108,서울,2020-06-29 19:00,25.8,0,2.7,66,10
108,서울,2020-06-29 20:00,25,0,3.1,72,10
108,서울,2020-06-29 21:00,23.6,.5,3.4,80,10
108,서울,2020-06-29 22:00,22.8,.8,2.7,85,10
108,서울,2020-06-29 23:00,21.6,5,5.2,89,10
108,서울,2020-06-30 00:00,20.6,5.6,4,92,10
108,서울,2020-06-30 01:00,19.6,13.3,5.1,93,10
108,서울,2020-06-30 02:00,19.2,10.8,6.5,94,10
108,서울,2020-06-30 03:00,19.2,2.3,6.1,92,10
108,서울,2020-06-30 04:00,18.8,12.4,3.9,94,10
108,서울,2020-06-30 05:00,18.5,11,4,95,10
108,서울,2020-06-30 06:00,18.5,10.6,2.7,96,10
108,서울,2020-06-30 07:00,18.7,1.4,2.2,95,10
108,서울,2020-06-30 08:00,19,1.3,3.7,95,10
108,서울,2020-06-30 09:00,19.4,.8,1.5,95,10
108,서울,2020-06-30 10:00,19.9,.1,2.5,92,10
108,서울,2020-06-30 11:00,20.6,0,3.3,83,10
108,서울,2020-06-30 12:00,21.2,0,3.2,77,10
108,서울,2020-06-30 13:00,22,0,3.4,75,10
108,서울,2020-06-30 14:00,22.4,0,4.7,73,10
108,서울,2020-06-30 15:00,23.1,0,3.8,69,10
108,서울,2020-06-30 16:00,22.7,,5.3,66,10
108,서울,2020-06-30 17:00,22.5,,5.8,64,10
108,서울,2020-06-30 18:00,21.7,0,5.6,66,10
108,서울,2020-06-30 19:00,20.6,0,5,72,10
108,서울,2020-06-30 20:00,20,0,3.8,78,10
108,서울,2020-06-30 21:00,18.9,.5,2.5,84,10
108,서울,2020-06-30 22:00,18.6,.2,3.3,88,10
108,서울,2020-06-30 23:00,18.7,0,3.3,87,10
108,서울,2020-07-01 00:00,18.8,0,3.7,85,10
108,서울,2020-07-01 01:00,18.8,0,3,87,10
108,서울,2020-07-01 02:00,18.7,0,3,87,10
119,수원,2020-06-01 06:00,16.7,.1,2.4,99,8
119,수원,2020-06-01 07:00,16.9,,3.3,94,4
119,수원,2020-06-01 08:00,17.9,,2.7,88,7
119,수원,2020-06-01 09:00,19.5,,2.7,78,4
119,수원,2020-06-01 10:00,20.7,,3.2,68,2
119,수원,2020-06-01 11:00,22.4,,3.4,58,0
119,수원,2020-06-01 12:00,23.2,,4.8,49,1
119,수원,2020-06-01 13:00,22.8,,4.3,45,0
119,수원,2020-06-01 14:00,23.6,,4.4,47,2
119,수원,2020-06-01 15:00,23.1,,5.3,45,3
119,수원,2020-06-01 16:00,22.9,,5.2,43,5
119,수원,2020-06-01 17:00,22.2,,4.6,44,3
119,수원,2020-06-01 18:00,21.6,,4.6,50,1
119,수원,2020-06-01 19:00,19.9,,2.5,58,0
119,수원,2020-06-01 20:00,17.3,,1.9,72,0
119,수원,2020-06-01 21:00,16.1,,2.8,80,7
119,수원,2020-06-01 22:00,15.2,,1.2,87,8
119,수원,2020-06-01 23:00,14.6,,.5,90,6
119,수원,2020-06-02 00:00,14.1,,.5,94,2
119,수원,2020-06-02 01:00,13.6,,.2,94,4
119,수원,2020-06-02 02:00,13.8,,.9,92,7
119,수원,2020-06-02 03:00,13.9,,.4,95,7
119,수원,2020-06-02 04:00,13.2,,.1,97,6
119,수원,2020-06-02 05:00,13.4,,.7,98,6
119,수원,2020-06-02 06:00,14.5,,.4,96,10
119,수원,2020-06-02 07:00,15.7,,.3,91,10
119,수원,2020-06-02 08:00,16.5,,.9,81,10
119,수원,2020-06-02 09:00,17.8,,1.6,69,10
119,수원,2020-06-02 10:00,18.7,,.7,64,10
119,수원,2020-06-02 11:00,18.4,0,1.8,70,10
119,수원,2020-06-02 12:00,17.5,.2,3.5,78,10
119,수원,2020-06-02 13:00,18.2,.9,4.9,68,10
119,수원,2020-06-02 14:00,21,0,6.8,51,8
119,수원,2020-06-02 15:00,22.7,,4.6,45,9
119,수원,2020-06-02 16:00,22.2,,3.4,51,10
119,수원,2020-06-02 17:00,21.5,,2.2,56,10
119,수원,2020-06-02 18:00,21.4,,1.9,58,10
119,수원,2020-06-02 19:00,21.2,,2.1,61,8
119,수원,2020-06-02 20:00,20.6,,1,64,7
119,수원,2020-06-02 21:00,19.9,,1.4,74,9
119,수원,2020-06-02 22:00,19.4,,.2,79,8
119,수원,2020-06-02 23:00,19,,2,87,6
119,수원,2020-06-03 00:00,18.4,,2.1,93,10
119,수원,2020-06-03 01:00,18.3,,1,96,6
119,수원,2020-06-03 02:00,18.3,,.8,97,6
119,수원,2020-06-03 03:00,18.3,,.9,98,10
119,수원,2020-06-03 04:00,18.3,,.8,98,10
119,수원,2020-06-03 05:00,18.2,0,.5,99,10
119,수원,2020-06-03 06:00,18.2,.1,0,100,10
119,수원,2020-06-03 07:00,18.9,,.5,97,10
119,수원,2020-06-03 08:00,19.9,,.7,91,10
119,수원,2020-06-03 09:00,19.7,,2.3,91,9
119,수원,2020-06-03 10:00,22.2,,1.5,81,7
119,수원,2020-06-03 11:00,23,,1.8,77,7
119,수원,2020-06-03 12:00,24.7,,2.2,66,6
119,수원,2020-06-03 13:00,25.4,,1.5,64,4
119,수원,2020-06-03 14:00,26.3,,1.7,59,4
119,수원,2020-06-03 15:00,26.7,,2.8,58,0
119,수원,2020-06-03 16:00,26.8,,3.8,55,0
119,수원,2020-06-03 17:00,27.5,,3.4,45,0
119,수원,2020-06-03 18:00,26.2,,3.3,67,0
119,수원,2020-06-03 19:00,22.6,,4.3,80,0
119,수원,2020-06-03 20:00,21,,1.9,88,7
119,수원,2020-06-03 21:00,20.9,,2,88,8
119,수원,2020-06-03 22:00,20.8,,2.2,88,8
119,수원,2020-06-03 23:00,20.6,,1.2,87,8
119,수원,2020-06-04 00:00,20.7,,.9,89,9
119,수원,2020-06-04 01:00,20.4,,.2,91,8
119,수원,2020-06-04 02:00,20.8,,.6,91,7
119,수원,2020-06-04 03:00,20.8,,.7,92,9
119,수원,2020-06-04 04:00,20.9,.1,2.2,95,10
119,수원,2020-06-04 05:00,21,0,1.7,92,10
119,수원,2020-06-04 06:00,20.7,.1,2.2,93,10
119,수원,2020-06-04 07:00,20.4,0,2.7,93,10
119,수원,2020-06-04 08:00,20.2,0,2,96,10
119,수원,2020-06-04 09:00,21.5,.1,1.6,90,8
119,수원,2020-06-04 10:00,22.4,,1.9,83,9
119,수원,2020-06-04 11:00,24.2,,2.6,74,6
119,수원,2020-06-04 12:00,25.9,,3.2,71,3
119,수원,2020-06-04 13:00,26.6,,3.4,65,1
119,수원,2020-06-04 14:00,26.9,,3.7,64,2
119,수원,2020-06-04 15:00,26.4,,3.3,70,8
119,수원,2020-06-04 16:00,24.6,,3.1,77,9
119,수원,2020-06-04 17:00,24,,3.5,78,8
119,수원,2020-06-04 18:00,22.9,,3.1,82,2
119,수원,2020-06-04 19:00,21.5,,1.9,87,0
119,수원,2020-06-04 20:00,21.4,,1,89,8
119,수원,2020-06-04 21:00,21,,2.6,94,10
119,수원,2020-06-04 22:00,20.4,,1.9,97,9
119,수원,2020-06-04 23:00,20,,1.6,99,8
119,수원,2020-06-05 00:00,19.1,.1,1.7,100,10
119,수원,2020-06-05 01:00,19.2,0,1.2,100,10
119,수원,2020-06-05 02:00,18.9,0,1.6,99,10
119,수원,2020-06-05 03:00,18.6,,1.5,100,10
119,수원,2020-06-05 04:00,18.6,,1.4,99,10
119,수원,2020-06-05 05:00,18.7,,1.1,98,10
119,수원,2020-06-05 06:00,18.8,,.9,97,10
119,수원,2020-06-05 07:00,18.8,,1.1,95,10
119,수원,2020-06-05 08:00,19.1,,1.7,94,10
119,수원,2020-06-05 09:00,19.6,,1.4,90,10
119,수원,2020-06-05 10:00,20.6,,.8,86,9
119,수원,2020-06-05 11:00,22.3,,1.3,77,8
119,수원,2020-06-05 12:00,24,,1.7,68,8
119,수원,2020-06-05 13:00,24.9,,1.3,62,6
119,수원,2020-06-05 14:00,26.2,,1.9,57,6
119,수원,2020-06-05 15:00,26.9,,2.4,58,0
119,수원,2020-06-05 16:00,27.6,,1.6,60,5
119,수원,2020-06-05 17:00,26.2,,3.3,67,7
119,수원,2020-06-05 18:00,25.6,,3.2,68,6
119,수원,2020-06-05 19:00,24,,2.9,70,7
119,수원,2020-06-05 20:00,22.2,,1.9,75,4
119,수원,2020-06-05 21:00,20,,2.4,85,4
119,수원,2020-06-05 22:00,19,,2.2,91,6
119,수원,2020-06-05 23:00,18.6,,.7,91,1
119,수원,2020-06-06 00:00,18.3,,1.1,91,3
119,수원,2020-06-06 01:00,18,,.8,91,4
119,수원,2020-06-06 02:00,17.6,,.5,95,5
119,수원,2020-06-06 03:00,17.4,,.3,95,4
119,수원,2020-06-06 04:00,17.1,,0,95,0
119,수원,2020-06-06 05:00,16.7,,.7,96,1
119,수원,2020-06-06 06:00,17.1,,.3,97,0
119,수원,2020-06-06 07:00,19,,.6,91,0
119,수원,2020-06-06 08:00,22.7,,1.5,75,0
119,수원,2020-06-06 09:00,24.7,,3,65,0
119,수원,2020-06-06 10:00,26.4,,2.4,61,0
119,수원,2020-06-06 11:00,26.5,,1.9,60,7
119,수원,2020-06-06 12:00,28.3,,1.6,54,7
119,수원,2020-06-06 13:00,28.8,,2,52,2
119,수원,2020-06-06 14:00,29,,1.7,51,3
119,수원,2020-06-06 15:00,29.6,,1.6,47,2
119,수원,2020-06-06 16:00,29.3,,2.9,54,4
119,수원,2020-06-06 17:00,27.8,,4.2,60,2
119,수원,2020-06-06 18:00,26.7,,2.7,61,1
119,수원,2020-06-06 19:00,25.6,,2.5,63,3
119,수원,2020-06-06 20:00,23,,2.8,73,2
119,수원,2020-06-06 21:00,22.5,,1.7,73,7
119,수원,2020-06-06 22:00,22.2,,2,75,6
119,수원,2020-06-06 23:00,21.3,,2.2,79,5
119,수원,2020-06-07 00:00,20.3,,1.4,84,7
119,수원,2020-06-07 01:00,19.8,,1,88,2
119,수원,2020-06-07 02:00,18.9,,1.1,91,4
119,수원,2020-06-07 03:00,19,,.3,91,6
119,수원,2020-06-07 04:00,18.1,,.8,94,6
119,수원,2020-06-07 05:00,18.2,,2.6,92,1
119,수원,2020-06-07 06:00,18.5,,.8,93,9
119,수원,2020-06-07 07:00,18.8,,.9,91,8
119,수원,2020-06-07 08:00,19.7,,.9,86,9
119,수원,2020-06-07 09:00,20.2,,1.5,85,9
119,수원,2020-06-07 10:00,20.9,,1.4,82,9
119,수원,2020-06-07 11:00,22.2,,2.5,76,8
119,수원,2020-06-07 12:00,24.9,,2.6,68,7
119,수원,2020-06-07 13:00,25.2,,2.4,63,2
119,수원,2020-06-07 14:00,26.6,,2.4,58,3
119,수원,2020-06-07 15:00,27.4,,1.7,55,0
119,수원,2020-06-07 16:00,28.1,,2.7,53,1
119,수원,2020-06-07 17:00,26.5,,4.1,65,0
119,수원,2020-06-07 18:00,24.8,,3.7,72,0
119,수원,2020-06-07 19:00,22.7,,2.8,78,0
119,수원,2020-06-07 20:00,21.3,,1.5,82,0
119,수원,2020-06-07 21:00,20,,1.9,91,0
119,수원,2020-06-07 22:00,19.2,,.8,94,0
119,수원,2020-06-07 23:00,18.7,,1.2,97,1
119,수원,2020-06-08 00:00,18.2,,1.8,98,0
119,수원,2020-06-08 01:00,18.3,,1.8,100,6
119,수원,2020-06-08 02:00,18.8,,1.7,98,8
119,수원,2020-06-08 03:00,19.1,,.5,96,10
119,수원,2020-06-08 04:00,19.6,,1,94,10
119,수원,2020-06-08 05:00,19.5,,1.1,94,10
119,수원,2020-06-08 06:00,19.4,,1,95,10
119,수원,2020-06-08 07:00,20.2,,.3,92,10
119,수원,2020-06-08 08:00,21.7,,1.8,85,0
119,수원,2020-06-08 09:00,23.4,,1.8,77,0
119,수원,2020-06-08 10:00,25.6,,1.2,68,0
119,수원,2020-06-08 11:00,26.7,,1.5,61,0
119,수원,2020-06-08 12:00,28.7,,1.4,55,0
119,수원,2020-06-08 13:00,29.4,,1.9,52,0
119,수원,2020-06-08 14:00,30.6,,1.2,50,0
119,수원,2020-06-08 15:00,30.7,,2.8,49,0
119,수원,2020-06-08 16:00,30.7,,3.6,53,0
119,수원,2020-06-08 17:00,29.6,,4.7,45,0
119,수원,2020-06-08 18:00,27.4,,3,58,0
119,수원,2020-06-08 19:00,24.5,,3.3,64,0
119,수원,2020-06-08 20:00,24,,1.7,61,0
119,수원,2020-06-08 21:00,22.8,,.7,68,0
119,수원,2020-06-08 22:00,22,,.9,68,0
119,수원,2020-06-08 23:00,21.6,,.6,69,0
119,수원,2020-06-09 00:00,21.1,,.7,72,0
119,수원,2020-06-09 01:00,21.4,,1.5,71,0
119,수원,2020-06-09 02:00,20.4,,1.3,72,0
119,수원,2020-06-09 03:00,19.9,,1,75,0
119,수원,2020-06-09 04:00,18.2,,.9,84,0
119,수원,2020-06-09 05:00,18,,.7,92,0
119,수원,2020-06-09 06:00,18.8,,.3,87,0
119,수원,2020-06-09 07:00,22,,1.3,72,0
119,수원,2020-06-09 08:00,23.7,,1.3,67,0
119,수원,2020-06-09 09:00,26.8,,1,60,0
119,수원,2020-06-09 10:00,28.1,,1.2,53,0
119,수원,2020-06-09 11:00,29.8,,2.3,45,0
119,수원,2020-06-09 12:00,30.9,,2,42,2
119,수원,2020-06-09 13:00,32.1,,1.7,41,4
119,수원,2020-06-09 14:00,31.4,,4.7,44,5
119,수원,2020-06-09 15:00,32,,3.6,41,4
119,수원,2020-06-09 16:00,31.5,,4.2,37,6
119,수원,2020-06-09 17:00,30.4,,3,43,4
119,수원,2020-06-09 18:00,30.5,,3.7,40,3
119,수원,2020-06-09 19:00,28.3,,2.8,48,4
119,수원,2020-06-09 20:00,24.9,,2.7,60,6
119,수원,2020-06-09 21:00,24.1,,1.5,61,3
119,수원,2020-06-09 22:00,23.5,,.6,64,4
119,수원,2020-06-09 23:00,22.9,,1.2,66,5
119,수원,2020-06-10 00:00,22.5,,.7,66,5
119,수원,2020-06-10 01:00,22.4,,.8,64,7
119,수원,2020-06-10 02:00,21.6,,.3,67,8
119,수원,2020-06-10 03:00,21.3,,.1,69,9
119,수원,2020-06-10 04:00,20.7,,.1,72,4
119,수원,2020-06-10 05:00,20.1,,.2,75,8
119,수원,2020-06-10 06:00,21.1,,.3,77,7
119,수원,2020-06-10 07:00,23.6,,1.2,64,7
119,수원,2020-06-10 08:00,25.4,,1.7,54,8
119,수원,2020-06-10 09:00,27.2,,1.6,49,7
119,수원,2020-06-10 10:00,28.9,,1.7,44,8
119,수원,2020-06-10 11:00,29.1,,1.8,46,8
119,수원,2020-06-10 12:00,30,,1.5,48,7
119,수원,2020-06-10 13:00,31,,1.7,47,7
119,수원,2020-06-10 14:00,31.6,,1.4,45,7
119,수원,2020-06-10 15:00,32.3,,1.8,46,4
119,수원,2020-06-10 16:00,31.2,,2.5,49,8
119,수원,2020-06-10 17:00,29.9,,3.5,54,9
119,수원,2020-06-10 18:00,27.3,0,4.5,66,10
119,수원,2020-06-10 19:00,25.9,0,3.5,72,10
119,수원,2020-06-10 20:00,22.7,.8,2.4,93,10
119,수원,2020-06-10 21:00,21.7,5,1.2,98,10
119,수원,2020-06-10 22:00,21.8,3.6,.1,99,10
119,수원,2020-06-10 23:00,21.9,.6,.6,100,10
119,수원,2020-06-11 00:00,22,.8,0,100,10
119,수원,2020-06-11 01:00,22.3,0,1.4,100,10
119,수원,2020-06-11 02:00,22.3,,.5,100,10
119,수원,2020-06-11 03:00,22.2,,1,100,10
119,수원,2020-06-11 04:00,22,,.9,100,9
119,수원,2020-06-11 05:00,22.2,,.8,98,10
119,수원,2020-06-11 06:00,22.6,,1,96,8
119,수원,2020-06-11 07:00,23.5,,1.1,89,2
119,수원,2020-06-11 08:00,24.6,,1.7,84,3
119,수원,2020-06-11 09:00,27.1,,2,73,7
119,수원,2020-06-11 10:00,26.6,,1.9,71,4
119,수원,2020-06-11 11:00,28.5,,1.6,62,5
119,수원,2020-06-11 12:00,28.3,,2.8,63,4
119,수원,2020-06-11 13:00,29.7,,2.4,60,4
119,수원,2020-06-11 14:00,30.5,,2.9,55,2
119,수원,2020-06-11 15:00,30.2,,3.6,60,1
119,수원,2020-06-11 16:00,30.4,,3.9,61,2
119,수원,2020-06-11 17:00,29,,4.6,64,2
119,수원,2020-06-11 18:00,28,,3.7,66,6
119,수원,2020-06-11 19:00,25.8,,4.1,71,5
119,수원,2020-06-11 20:00,24.3,,3.1,76,6
119,수원,2020-06-11 21:00,23.1,,2.6,80,4
119,수원,2020-06-11 22:00,22.6,,1.4,83,5
119,수원,2020-06-11 23:00,21.8,,.8,88,7
119,수원,2020-06-12 00:00,21.8,,.7,88,8
119,수원,2020-06-12 01:00,20.9,,.4,90,9
119,수원,2020-06-12 02:00,21.4,,1.7,91,8
119,수원,2020-06-12 03:00,20.9,,1,94,8
119,수원,2020-06-12 04:00,20.1,,.3,97,5
119,수원,2020-06-12 05:00,19.6,,.5,99,7
119,수원,2020-06-12 06:00,20.1,,1.3,96,8
119,수원,2020-06-12 07:00,21.2,,.7,94,8
119,수원,2020-06-12 08:00,23,,1.6,84,9
119,수원,2020-06-12 09:00,24.2,,1.4,79,10
119,수원,2020-06-12 10:00,24.5,,1.7,78,9
119,수원,2020-06-12 11:00,26,,.9,73,10
119,수원,2020-06-12 12:00,27.3,,1.2,66,10
119,수원,2020-06-12 13:00,27.1,,1.1,65,10
119,수원,2020-06-12 14:00,27.2,,1.7,60,10
119,수원,2020-06-12 15:00,26.7,,2.5,62,10
119,수원,2020-06-12 16:00,26,,2.2,72,10
119,수원,2020-06-12 17:00,25,0,1.9,75,10
119,수원,2020-06-12 18:00,23.7,0,2,83,10
119,수원,2020-06-12 19:00,23.9,0,1.5,81,10
119,수원,2020-06-12 20:00,23,0,.8,87,10
119,수원,2020-06-12 21:00,23,0,.8,88,10
119,수원,2020-06-12 22:00,22.9,,1.4,88,10
119,수원,2020-06-12 23:00,21.7,,1.7,95,10
119,수원,2020-06-13 00:00,21.6,,.1,96,10
119,수원,2020-06-13 01:00,21.2,,.6,97,9
119,수원,2020-06-13 02:00,20.9,,.7,97,10
119,수원,2020-06-13 03:00,20.9,,1.1,98,10
119,수원,2020-06-13 04:00,20.7,,.8,98,10
119,수원,2020-06-13 05:00,20.4,,.6,98,8
119,수원,2020-06-13 06:00,20.9,,.6,97,8
119,수원,2020-06-13 07:00,22.9,,.6,89,5
119,수원,2020-06-13 08:00,25.5,,1.1,68,3
119,수원,2020-06-13 09:00,27,,1,64,3
119,수원,2020-06-13 10:00,27.6,,2.1,58,1
119,수원,2020-06-13 11:00,28.5,,1.5,57,0
119,수원,2020-06-13 12:00,29.4,,2.6,53,0
119,수원,2020-06-13 13:00,30.4,,2.7,55,0
119,수원,2020-06-13 14:00,30.6,,2.5,53,0
119,수원,2020-06-13 15:00,31.7,,2.1,48,0
119,수원,2020-06-13 16:00,32.3,,2.5,43,1
119,수원,2020-06-13 17:00,31.2,,2.6,53,7
119,수원,2020-06-13 18:00,30.8,,3.7,52,7
119,수원,2020-06-13 19:00,27.4,,3.3,62,7
119,수원,2020-06-13 20:00,25.8,,2.6,63,9
119,수원,2020-06-13 21:00,22.9,0,1.1,86,9
119,수원,2020-06-13 22:00,23,,1.1,87,6
119,수원,2020-06-13 23:00,23.7,,2.1,82,7
119,수원,2020-06-14 00:00,22.1,.1,2.2,94,10
119,수원,2020-06-14 01:00,21.5,.6,.3,95,10
119,수원,2020-06-14 02:00,21.8,,0,95,8
119,수원,2020-06-14 03:00,21.5,.1,.8,98,10
119,수원,2020-06-14 04:00,21.5,.2,1.1,100,10
119,수원,2020-06-14 05:00,21.8,.2,1.7,100,10
119,수원,2020-06-14 06:00,21.8,,1.7,100,10
119,수원,2020-06-14 07:00,22,,1.7,98,9
119,수원,2020-06-14 08:00,21.9,,2.3,94,10
119,수원,2020-06-14 09:00,23,,1.9,81,9
119,수원,2020-06-14 10:00,22.9,,2.2,80,10
119,수원,2020-06-14 11:00,23,,2,77,10
119,수원,2020-06-14 12:00,25.1,,2.7,64,3
119,수원,2020-06-14 13:00,26.9,,3.6,56,3
119,수원,2020-06-14 14:00,27.5,,5.2,40,0
119,수원,2020-06-14 15:00,27.5,,4.7,49,0
119,수원,2020-06-14 16:00,26.9,,4.6,57,0
119,수원,2020-06-14 17:00,26.7,,3.9,64,0
119,수원,2020-06-14 18:00,25.4,,4.8,70,2
119,수원,2020-06-14 19:00,23.8,,4.6,75,0
119,수원,2020-06-14 20:00,21.2,,3.6,90,6
119,수원,2020-06-14 21:00,20.4,,2,91,3
119,수원,2020-06-14 22:00,19.5,,2.3,92,0
119,수원,2020-06-14 23:00,19.2,,1.8,91,0
119,수원,2020-06-15 00:00,18.8,,1.2,91,0
119,수원,2020-06-15 01:00,17.9,,.2,95,0
119,수원,2020-06-15 02:00,18.3,,1.3,95,0
119,수원,2020-06-15 03:00,18.2,,1.1,93,0
119,수원,2020-06-15 04:00,17.3,,.4,97,0
119,수원,2020-06-15 05:00,17.5,,1.1,98,1
119,수원,2020-06-15 06:00,18.1,,1.3,97,2
119,수원,2020-06-15 07:00,18.8,,1.7,95,8
119,수원,2020-06-15 08:00,20.1,,1.4,89,9
119,수원,2020-06-15 09:00,21.4,,1.1,82,9
119,수원,2020-06-15 10:00,23.3,,1.3,76,9
119,수원,2020-06-15 11:00,24.7,,2.4,67,9
119,수원,2020-06-15 12:00,25.7,,3.1,63,9
119,수원,2020-06-15 13:00,25.9,,3.7,54,9
119,수원,2020-06-15 14:00,27.5,,3.4,40,9
119,수원,2020-06-15 15:00,27.7,,4.7,40,8
119,수원,2020-06-15 16:00,26.5,,4.5,35,9
119,수원,2020-06-15 17:00,26.2,,3.3,38,6
119,수원,2020-06-15 18:00,25.4,,2.8,38,9
119,수원,2020-06-15 19:00,23.9,,3.2,45,8
119,수원,2020-06-15 20:00,22.6,,3.1,52,7
119,수원,2020-06-15 21:00,21.6,,1.4,56,8
119,수원,2020-06-15 22:00,21.1,,1.9,67,8
119,수원,2020-06-15 23:00,20.4,,1.8,81,6
119,수원,2020-06-16 00:00,20.2,,1.9,87,8
119,수원,2020-06-16 01:00,20.2,,2.9,87,6
119,수원,2020-06-16 02:00,19.7,,2.4,88,6
119,수원,2020-06-16 03:00,19.8,,1.5,88,9
119,수원,2020-06-16 04:00,19.8,,1.3,87,9
119,수원,2020-06-16 05:00,20,,1.3,86,9
119,수원,2020-06-16 06:00,20,,.6,86,10
119,수원,2020-06-16 07:00,20.5,,.4,85,8
119,수원,2020-06-16 08:00,21.9,,1.1,78,8
119,수원,2020-06-16 09:00,23.5,,1.9,68,7
119,수원,2020-06-16 10:00,24.4,,2.3,66,4
119,수원,2020-06-16 11:00,25.9,,1.7,62,1
119,수원,2020-06-16 12:00,26.7,,1.7,59,4
119,수원,2020-06-16 13:00,27.3,,2.7,56,4
119,수원,2020-06-16 14:00,28.2,,1.8,52,4
119,수원,2020-06-16 15:00,28.9,,3,51,6
119,수원,2020-06-16 16:00,28.6,,3.9,57,4
119,수원,2020-06-16 17:00,27.5,,3.7,59,9
119,수원,2020-06-16 18:00,25.9,,3.4,64,9
119,수원,2020-06-16 19:00,24.9,,2.6,64,9
119,수원,2020-06-16 20:00,23.6,,1.5,66,9
119,수원,2020-06-16 21:00,22.4,,1.8,67,9
119,수원,2020-06-16 22:00,21,,1.1,84,7
119,수원,2020-06-16 23:00,21.2,,.6,73,8
119,수원,2020-06-17 00:00,20.1,,.4,82,4
119,수원,2020-06-17 01:00,19.8,,.7,86,8
119,수원,2020-06-17 02:00,19.5,,.5,88,10
119,수원,2020-06-17 03:00,18.8,,.7,94,7
119,수원,2020-06-17 04:00,18.4,,.4,95,0
119,수원,2020-06-17 05:00,18.2,,.5,96,2
119,수원,2020-06-17 06:00,19.2,,0,93,6
119,수원,2020-06-17 07:00,21,,1.1,82,3
119,수원,2020-06-17 08:00,22.4,,2,76,8
119,수원,2020-06-17 09:00,24,,1.7,67,8
119,수원,2020-06-17 10:00,24.9,,2.3,59,8
119,수원,2020-06-17 11:00,25.9,,1.6,61,9
119,수원,2020-06-17 12:00,26.8,,1.2,56,9
119,수원,2020-06-17 13:00,27.4,,2.2,55,7
119,수원,2020-06-17 14:00,27.9,,2.4,47,7
119,수원,2020-06-17 15:00,27.9,,2.5,52,8
119,수원,2020-06-17 16:00,27.5,,3.7,56,8
119,수원,2020-06-17 17:00,26.6,,3,56,9
119,수원,2020-06-17 18:00,24.6,,3.2,69,9
119,수원,2020-06-17 19:00,23.2,,3.4,66,10
119,수원,2020-06-17 20:00,22,,2.6,69,10
119,수원,2020-06-17 21:00,21.3,,2.2,77,8
119,수원,2020-06-17 22:00,20.7,,1.5,85,10
119,수원,2020-06-17 23:00,20.6,,.8,86,10
119,수원,2020-06-18 00:00,20.5,,1,84,9
119,수원,2020-06-18 01:00,20.2,,.4,87,10
119,수원,2020-06-18 02:00,19.7,,.5,91,10
119,수원,2020-06-18 03:00,19.6,,.8,91,9
119,수원,2020-06-18 04:00,19.6,,.2,91,9
119,수원,2020-06-18 05:00,19.6,,.2,92,9
119,수원,2020-06-18 06:00,19.8,,.8,92,10
119,수원,2020-06-18 07:00,20.5,,.7,90,10
119,수원,2020-06-18 08:00,21.1,,.8,89,10
119,수원,2020-06-18 09:00,21.7,,.9,83,10
119,수원,2020-06-18 10:00,22.6,,1.7,75,10
119,수원,2020-06-18 11:00,24.3,,1,63,10
119,수원,2020-06-18 12:00,24.2,,1.5,66,10
119,수원,2020-06-18 13:00,25,,1.5,67,10
119,수원,2020-06-18 14:00,24.7,,2,63,10
119,수원,2020-06-18 15:00,25.5,,2.9,58,10
119,수원,2020-06-18 16:00,26,,2.2,56,8
119,수원,2020-06-18 17:00,25.6,,1.8,58,9
119,수원,2020-06-18 18:00,25.1,,.7,59,10
119,수원,2020-06-18 19:00,23.4,,2.4,75,9
119,수원,2020-06-18 20:00,23,0,1.4,81,10
119,수원,2020-06-18 21:00,22.9,,.7,81,9
119,수원,2020-06-18 22:00,22.6,,.3,82,9
119,수원,2020-06-18 23:00,22.4,,.6,85,8
119,수원,2020-06-19 00:00,22.4,,1.4,77,8
119,수원,2020-06-19 01:00,22,,1.1,81,10
119,수원,2020-06-19 02:00,22.4,,1.1,79,9
119,수원,2020-06-19 03:00,22.5,,1.4,74,10
119,수원,2020-06-19 04:00,22.3,0,1.9,76,10
119,수원,2020-06-19 05:00,20.9,.2,1.6,88,10
119,수원,2020-06-19 06:00,20,.2,.4,92,10
119,수원,2020-06-19 07:00,20.8,0,1.1,93,10
119,수원,2020-06-19 08:00,22.7,,.9,79,9
119,수원,2020-06-19 09:00,22.8,,2.3,75,10
119,수원,2020-06-19 10:00,24.3,,1.5,67,7
119,수원,2020-06-19 11:00,26.2,,1.4,58,4
119,수원,2020-06-19 12:00,27.1,,1.3,56,3
119,수원,2020-06-19 13:00,28,,1.1,53,6
119,수원,2020-06-19 14:00,28.6,,2.1,53,7
119,수원,2020-06-19 15:00,28.6,,1.1,52,7
119,수원,2020-06-19 16:00,29.1,,1.8,53,6
119,수원,2020-06-19 17:00,28.2,,4,58,2
119,수원,2020-06-19 18:00,26.9,,4.1,61,1
119,수원,2020-06-19 19:00,25.1,,3.4,66,5
119,수원,2020-06-19 20:00,23,,2.1,72,6
119,수원,2020-06-19 21:00,21.9,,2.1,78,3
119,수원,2020-06-19 22:00,21.1,,1.7,80,5
119,수원,2020-06-19 23:00,20.4,,1.5,88,1
119,수원,2020-06-20 00:00,20.2,,.5,90,0
119,수원,2020-06-20 01:00,19.8,,.8,91,2
119,수원,2020-06-20 02:00,19.3,,.3,93,2
119,수원,2020-06-20 03:00,19.6,,1.1,89,0
119,수원,2020-06-20 04:00,18.9,,.3,92,0
119,수원,2020-06-20 05:00,19.1,,.8,92,0
119,수원,2020-06-20 06:00,18.8,,0,94,0
119,수원,2020-06-20 07:00,21.5,,.7,87,0
119,수원,2020-06-20 08:00,23.1,,1.4,75,0
119,수원,2020-06-20 09:00,25.1,,1.6,67,0
119,수원,2020-06-20 10:00,25.4,,2.4,64,1
119,수원,2020-06-20 11:00,27.1,,2,65,4
119,수원,2020-06-20 12:00,27.6,,2.4,62,6
119,수원,2020-06-20 13:00,27.7,,2.9,64,6
119,수원,2020-06-20 14:00,28.5,,3.5,60,3
119,수원,2020-06-20 15:00,28.9,,3.5,61,2
119,수원,2020-06-20 16:00,27.5,,4.7,64,1
119,수원,2020-06-20 17:00,27.4,,4,63,0
119,수원,2020-06-20 18:00,26.6,,2.9,63,0
119,수원,2020-06-20 19:00,25.1,,2.8,66,0
119,수원,2020-06-20 20:00,23.8,,1.5,70,1
119,수원,2020-06-20 21:00,22.2,,2.4,78,0
119,수원,2020-06-20 22:00,21.6,,2.1,82,2
119,수원,2020-06-20 23:00,20.9,,1.1,86,1
119,수원,2020-06-21 00:00,19.9,,1.3,90,0
119,수원,2020-06-21 01:00,19.8,,.7,92,2
119,수원,2020-06-21 02:00,19.4,,.9,94,3
119,수원,2020-06-21 03:00,19,,1,96,0
119,수원,2020-06-21 04:00,19,,.8,97,0
119,수원,2020-06-21 05:00,18.6,,1.1,98,0
119,수원,2020-06-21 06:00,18.8,,1.2,100,0
119,수원,2020-06-21 07:00,20.1,,0,100,0
119,수원,2020-06-21 08:00,22.6,,.9,85,0
119,수원,2020-06-21 09:00,24.2,,1.2,75,0
119,수원,2020-06-21 10:00,26,,1.2,64,0
119,수원,2020-06-21 11:00,28.6,,1.2,53,0
119,수원,2020-06-21 12:00,29.3,,2.5,52,0
119,수원,2020-06-21 13:00,30.2,,2.2,47,0
119,수원,2020-06-21 14:00,30.8,,2.4,45,2
119,수원,2020-06-21 15:00,30.3,,4.2,50,1
119,수원,2020-06-21 16:00,30.7,,3.8,52,0
119,수원,2020-06-21 17:00,28.8,,2.9,55,0
119,수원,2020-06-21 18:00,27.6,,3.3,59,0
119,수원,2020-06-21 19:00,26.4,,2.2,63,0
119,수원,2020-06-21 20:00,24,,2.2,69,0
119,수원,2020-06-21 21:00,23,,.9,72,0
119,수원,2020-06-21 22:00,22,,1.1,78,0
119,수원,2020-06-21 23:00,21.6,,1.3,82,1
119,수원,2020-06-22 00:00,21,,.6,86,0
119,수원,2020-06-22 01:00,21,,1.1,88,0
119,수원,2020-06-22 02:00,20.1,,.7,90,0
119,수원,2020-06-22 03:00,19.7,,.8,92,0
119,수원,2020-06-22 04:00,19.4,,.6,95,0
119,수원,2020-06-22 05:00,19.9,,1.1,94,0
119,수원,2020-06-22 06:00,20,,.1,93,0
119,수원,2020-06-22 07:00,22,,1,85,0
119,수원,2020-06-22 08:00,25.2,,.6,73,0
119,수원,2020-06-22 09:00,27.1,,1,66,0
119,수원,2020-06-22 10:00,28.6,,1.6,57,0
119,수원,2020-06-22 11:00,29.8,,2.1,55,0
119,수원,2020-06-22 12:00,31.7,,1.5,50,0
119,수원,2020-06-22 13:00,32.1,,2.7,44,0
119,수원,2020-06-22 14:00,32.7,,3.2,49,0
119,수원,2020-06-22 15:00,33.6,,2.5,47,1
119,수원,2020-06-22 16:00,33.1,,2.4,45,0
119,수원,2020-06-22 17:00,32.8,,3.3,47,0
119,수원,2020-06-22 18:00,31.2,,2.7,45,4
119,수원,2020-06-22 19:00,29.6,,2.2,48,7
119,수원,2020-06-22 20:00,26.9,,1.6,59,3
119,수원,2020-06-22 21:00,24.7,,2.1,67,4
119,수원,2020-06-22 22:00,24.5,,.8,68,2
119,수원,2020-06-22 23:00,24,,1.1,68,1
119,수원,2020-06-23 00:00,23.6,,.9,68,5
119,수원,2020-06-23 01:00,22.8,,1.5,74,4
119,수원,2020-06-23 02:00,22.2,,1.5,76,7
119,수원,2020-06-23 03:00,22.7,,1.1,73,6
119,수원,2020-06-23 04:00,22.1,,1,81,7
119,수원,2020-06-23 05:00,21.4,,1.1,85,6
119,수원,2020-06-23 06:00,21,,.9,87,7
119,수원,2020-06-23 07:00,22.9,,.1,78,6
119,수원,2020-06-23 08:00,24.5,,1,66,7
119,수원,2020-06-23 09:00,26.5,,.7,60,6
119,수원,2020-06-23 10:00,27.8,,.6,56,4
119,수원,2020-06-23 11:00,28.6,,2,55,7
119,수원,2020-06-23 12:00,29.4,,1.7,50,8
119,수원,2020-06-23 13:00,29.6,,2.9,55,9
119,수원,2020-06-23 14:00,29.8,,1.6,53,9
119,수원,2020-06-23 15:00,28.7,,2.9,57,9
119,수원,2020-06-23 16:00,28.3,,2.5,55,9
119,수원,2020-06-23 17:00,28.1,,2.3,56,9
119,수원,2020-06-23 18:00,26.8,,2.7,57,9
119,수원,2020-06-23 19:00,25.5,,1.1,61,10
119,수원,2020-06-23 20:00,25,,.7,62,10
119,수원,2020-06-23 21:00,25,,.8,63,8
119,수원,2020-06-23 22:00,24.7,0,.4,68,10
119,수원,2020-06-23 23:00,24.4,0,.2,70,10
119,수원,2020-06-24 00:00,24,0,.3,73,10
119,수원,2020-06-24 01:00,24.3,,.6,71,10
119,수원,2020-06-24 02:00,24.8,,.6,70,10
119,수원,2020-06-24 03:00,24.4,,.8,74,9
119,수원,2020-06-24 04:00,25.6,,1.6,71,9
119,수원,2020-06-24 05:00,26.3,,2.8,60,10
119,수원,2020-06-24 06:00,26.3,0,3.3,57,10
119,수원,2020-06-24 07:00,25.7,0,2.9,61,10
119,수원,2020-06-24 08:00,24.1,.1,4.5,69,10
119,수원,2020-06-24 09:00,23.8,0,3.1,70,10
119,수원,2020-06-24 10:00,21.8,1.3,3.5,85,10
119,수원,2020-06-24 11:00,20.4,5,5.2,91,10
119,수원,2020-06-24 12:00,21,1.6,4.4,89,10
119,수원,2020-06-24 13:00,21.3,.1,4.2,87,10
119,수원,2020-06-24 14:00,21.8,.2,4.4,88,10
119,수원,2020-06-24 15:00,21.2,1.4,3.8,93,10
119,수원,2020-06-24 16:00,20.9,1.3,3,97,10
119,수원,2020-06-24 17:00,20.9,1.3,2.7,99,10
119,수원,2020-06-24 18:00,21,.4,3.6,99,10
119,수원,2020-06-24 19:00,21.2,.1,3.2,98,10
119,수원,2020-06-24 20:00,20.9,.4,3.5,98,10
119,수원,2020-06-24 21:00,21,.5,2.1,99,10
119,수원,2020-06-24 22:00,21.5,.1,1.6,96,10
119,수원,2020-06-24 23:00,21.4,0,2,96,10
119,수원,2020-06-25 00:00,21.1,.3,1.5,100,10
119,수원,2020-06-25 01:00,21.2,1.5,1.2,100,10
119,수원,2020-06-25 02:00,21.3,1,1.4,100,10
119,수원,2020-06-25 03:00,21.5,.1,.8,100,10
119,수원,2020-06-25 04:00,21.5,.2,1,100,10
119,수원,2020-06-25 05:00,21.6,0,1.1,100,10
119,수원,2020-06-25 06:00,21.5,.1,.8,99,10
119,수원,2020-06-25 07:00,21.6,0,2.5,98,10
119,수원,2020-06-25 08:00,21.8,0,1.9,96,10
119,수원,2020-06-25 09:00,21.8,0,2.5,98,10
119,수원,2020-06-25 10:00,21.1,.6,1.6,99,10
119,수원,2020-06-25 11:00,22.4,.1,1.8,93,10
119,수원,2020-06-25 12:00,22.3,,1.5,93,10
119,수원,2020-06-25 13:00,22.5,,3.8,88,10
119,수원,2020-06-25 14:00,22.9,,3.5,85,10
119,수원,2020-06-25 15:00,22.7,,2.8,84,10
119,수원,2020-06-25 16:00,22.6,,3.3,87,10
119,수원,2020-06-25 17:00,22.6,,2.8,87,10
119,수원,2020-06-25 18:00,21.7,0,2.5,89,10
119,수원,2020-06-25 19:00,21.8,0,2.8,88,10
119,수원,2020-06-25 20:00,21.4,,3.4,91,10
119,수원,2020-06-25 21:00,21.2,,3.2,91,10
119,수원,2020-06-25 22:00,20.3,0,2.4,96,10
119,수원,2020-06-25 23:00,20,.4,1.6,99,10
119,수원,2020-06-26 00:00,19.8,.4,2.3,100,10
119,수원,2020-06-26 01:00,19.8,.4,2.2,100,10
119,수원,2020-06-26 02:00,19.5,1.2,2.3,100,10
119,수원,2020-06-26 03:00,19.2,.4,3.1,100,10
119,수원,2020-06-26 04:00,19,0,2.6,100,10
119,수원,2020-06-26 05:00,18.7,.1,1.5,100,10
119,수원,2020-06-26 06:00,19,0,2.3,100,10
119,수원,2020-06-26 07:00,19.4,,2.3,100,10
119,수원,2020-06-26 08:00,19.7,,2.3,98,10
119,수원,2020-06-26 09:00,20.3,0,2.3,97,10
119,수원,2020-06-26 10:00,21,,2.8,95,10
119,수원,2020-06-26 11:00,22.3,,3.8,87,10
119,수원,2020-06-26 12:00,23.7,,4.2,75,8
119,수원,2020-06-26 13:00,24.6,,5.5,73,7
119,수원,2020-06-26 14:00,25.2,,4.8,71,8
119,수원,2020-06-26 15:00,25.1,,4.3,71,7
119,수원,2020-06-26 16:00,24.8,,4.3,75,7
119,수원,2020-06-26 17:00,24.7,,3.6,77,6
119,수원,2020-06-26 18:00,24.7,,3.4,76,5
119,수원,2020-06-26 19:00,23.2,,2.9,77,7
119,수원,2020-06-26 20:00,22.3,,1.9,78,8
119,수원,2020-06-26 21:00,21.6,,1.7,81,7
119,수원,2020-06-26 22:00,21.1,,1.1,83,
119,수원,2020-06-26 23:00,21.2,,1,84,
119,수원,2020-06-27 00:00,21.1,,.1,86,8
119,수원,2020-06-27 01:00,21,,.9,84,10
119,수원,2020-06-27 02:00,20.5,,.5,87,10
119,수원,2020-06-27 03:00,20.3,,.5,89,8
119,수원,2020-06-27 04:00,20.1,,.1,92,9
119,수원,2020-06-27 05:00,20.1,,.4,92,10
119,수원,2020-06-27 06:00,20.3,,.9,91,10
119,수원,2020-06-27 07:00,21.1,0,.5,89,10
119,수원,2020-06-27 08:00,22.4,0,.7,84,10
119,수원,2020-06-27 09:00,23.2,0,1,74,10
119,수원,2020-06-27 10:00,24.3,,.9,73,9
119,수원,2020-06-27 11:00,24.8,,1.7,72,8
119,수원,2020-06-27 12:00,26.5,,1.2,67,6
119,수원,2020-06-27 13:00,28,,2.5,61,4
119,수원,2020-06-27 14:00,28.7,,1.9,59,5
119,수원,2020-06-27 15:00,28.5,,3.4,58,4
119,수원,2020-06-27 16:00,28.6,,3.4,60,6
119,수원,2020-06-27 17:00,28.1,,3,58,3
119,수원,2020-06-27 18:00,27.4,,2.9,60,0
119,수원,2020-06-27 19:00,25.1,,2.7,66,1
119,수원,2020-06-27 20:00,23.2,,2.3,77,1
119,수원,2020-06-27 21:00,22,,2,86,0
119,수원,2020-06-27 22:00,21,,1.3,93,4
119,수원,2020-06-27 23:00,21.2,,.9,94,7
119,수원,2020-06-28 00:00,21,,1.4,93,5
119,수원,2020-06-28 01:00,20.6,,.3,94,1
119,수원,2020-06-28 02:00,20.3,,.7,96,1
119,수원,2020-06-28 03:00,20.1,,.5,98,5
119,수원,2020-06-28 04:00,20.7,,1.1,99,6
119,수원,2020-06-28 05:00,20.6,,.8,100,10
119,수원,2020-06-28 06:00,20.5,,1,100,10
119,수원,2020-06-28 07:00,21.4,,1.3,100,7
119,수원,2020-06-28 08:00,22.8,,1.6,93,5
119,수원,2020-06-28 09:00,23.6,,2.2,85,7
119,수원,2020-06-28 10:00,25.7,,2.5,78,7
119,수원,2020-06-28 11:00,26.6,,2.1,71,5
119,수원,2020-06-28 12:00,27.3,,2.7,67,6
119,수원,2020-06-28 13:00,27.9,,3.9,63,4
119,수원,2020-06-28 14:00,28.7,,3.5,64,1
119,수원,2020-06-28 15:00,27.7,,4.3,62,1
119,수원,2020-06-28 16:00,27.3,,4.7,59,0
119,수원,2020-06-28 17:00,27.4,,3.2,60,0
119,수원,2020-06-28 18:00,26.1,,3.4,63,0
119,수원,2020-06-28 19:00,25.3,,2.9,68,0
119,수원,2020-06-28 20:00,23.6,,1.6,79,1
119,수원,2020-06-28 21:00,22.4,,1.6,85,0
119,수원,2020-06-28 22:00,21.1,,.5,91,1
119,수원,2020-06-28 23:00,20.5,,1.4,95,1
119,수원,2020-06-29 00:00,20.3,,1.3,96,0
119,수원,2020-06-29 01:00,19.5,,1.3,97,5
119,수원,2020-06-29 02:00,18.8,,1.7,99,7
119,수원,2020-06-29 03:00,18.1,,.1,100,3
119,수원,2020-06-29 04:00,17.4,,.5,100,4
119,수원,2020-06-29 05:00,17.6,,.2,100,6
119,수원,2020-06-29 06:00,18.5,,0,100,7
119,수원,2020-06-29 07:00,20.3,,.5,98,7
119,수원,2020-06-29 08:00,23.6,,1.5,81,8
119,수원,2020-06-29 09:00,24.6,,2.1,74,9
119,수원,2020-06-29 10:00,25.7,,2.2,70,10
119,수원,2020-06-29 11:00,25.9,,3.6,69,10
119,수원,2020-06-29 12:00,26.1,,3.4,71,10
119,수원,2020-06-29 13:00,26,,3.5,71,10
119,수원,2020-06-29 14:00,26.1,,3,72,10
119,수원,2020-06-29 15:00,26.5,,3.2,71,10
119,수원,2020-06-29 16:00,26.4,,4.2,69,10
119,수원,2020-06-29 17:00,26.1,,3.7,67,10
119,수원,2020-06-29 18:00,26.1,0,3.9,68,10
119,수원,2020-06-29 19:00,23,0,2.8,86,10
119,수원,2020-06-29 20:00,21.9,1.9,3.4,94,10
119,수원,2020-06-29 21:00,21.7,2.9,4.8,92,10
119,수원,2020-06-29 22:00,20.7,7.2,4.4,93,10
119,수원,2020-06-29 23:00,20,8,4.7,96,10
119,수원,2020-06-30 00:00,19.7,9.5,5,98,10
119,수원,2020-06-30 01:00,19.7,8.5,3.3,98,10
119,수원,2020-06-30 02:00,20.3,.9,3.1,95,10
119,수원,2020-06-30 03:00,19.1,6,3,98,10
119,수원,2020-06-30 04:00,19.1,2.4,1.9,97,10
119,수원,2020-06-30 05:00,18.7,3.3,2,98,10
119,수원,2020-06-30 06:00,18.8,1,1.6,98,10
119,수원,2020-06-30 07:00,18.7,1,2.4,99,10
119,수원,2020-06-30 08:00,19.3,1.2,1.6,100,10
119,수원,2020-06-30 09:00,19.9,.4,2.6,98,10
119,수원,2020-06-30 10:00,20,0,3.1,97,10
119,수원,2020-06-30 11:00,20.4,0,2.9,94,10
119,수원,2020-06-30 12:00,21.3,,3.4,88,10
119,수원,2020-06-30 13:00,21.3,0,4,85,10
119,수원,2020-06-30 14:00,22.1,0,3.2,81,10
119,수원,2020-06-30 15:00,22.3,0,2.9,80,10
119,수원,2020-06-30 16:00,22.5,0,2.5,77,10
119,수원,2020-06-30 17:00,22.9,0,3.2,71,10
119,수원,2020-06-30 18:00,22.7,0,3.9,68,10
119,수원,2020-06-30 19:00,20.9,,3.3,75,10
119,수원,2020-06-30 20:00,20.8,.1,3.8,76,10
119,수원,2020-06-30 21:00,19.8,.1,2.6,85,10
119,수원,2020-06-30 22:00,18.4,.4,3.5,88,10
119,수원,2020-06-30 23:00,17.9,1,.3,96,10
119,수원,2020-07-01 00:00,17.9,.5,.8,98,10
119,수원,2020-07-01 01:00,18.2,.1,1.6,98,10
119,수원,2020-07-01 02:00,18.3,0,,98,10
